model,dataset,audit,structure,n,tv,mean_absolute_error,maximum_error,prediction_flip,exact_match
jev,clinc,order,coarse,120,0.1165909090909091,0.023318181818181818,0.5353535353535354,0.2,0.20833333333333334
jev,clinc,order,flat,120,0.06165740740740741,0.0008220987654320987,0.5182828282828282,0.058333333333333334,0.36666666666666664
jev,clinc,order,marginal,120,0.1497416837567595,0.0019965557834234603,0.5353535353535354,0.19166666666666668,0.1
jev,clinc,repeat,coarse,60,0.02926767676767677,0.005853535353535355,0.09000000000000008,0.03333333333333333,0.3333333333333333
jev,clinc,repeat,flat,60,0.01704545454545454,0.00022727272727272725,0.15434343434343423,0.0,0.5333333333333333
jev,clinc,repeat,marginal,60,0.041395861136618715,0.0005519448151549162,0.09000000000000002,0.08333333333333333,0.15
jev,massive,order,coarse,120,0.06813215488215489,0.007570239431350543,0.32000000000000006,0.10833333333333334,0.11666666666666667
jev,massive,order,flat,120,0.06939646464646465,0.0023132154882154884,0.6699999999999999,0.058333333333333334,0.31666666666666665
jev,massive,order,marginal,120,0.0972992760942761,0.003243309203142537,0.3685999999999999,0.14166666666666666,0.016666666666666666
jev,massive,repeat,coarse,60,0.021010101010101017,0.0023344556677890017,0.08696969696969703,0.05,0.3333333333333333
jev,massive,repeat,flat,60,0.016356902356902358,0.0005452300785634119,0.12,0.0,0.5
jev,massive,repeat,marginal,60,0.030180875420875424,0.0010060291806958475,0.07769999999999999,0.08333333333333333,0.11666666666666667
jev,trec,order,coarse,120,0.07131481481481482,0.023771604938271608,0.30000000000000004,0.11666666666666667,0.058333333333333334
jev,trec,order,flat,120,0.16849579124579125,0.00673983164983165,0.5085858585858586,0.2,0.025
jev,trec,order,marginal,120,0.13991189393939393,0.005596475757575757,0.3936,0.175,0.0
jev,trec,repeat,coarse,60,0.025316498316498317,0.008438832772166107,0.08999999999999997,0.0,0.15
jev,trec,repeat,flat,60,0.041501683501683505,0.0016600673400673403,0.13,0.016666666666666666,0.016666666666666666
jev,trec,repeat,marginal,60,0.039881969696969694,0.001595278787878788,0.07869999999999999,0.03333333333333333,0.016666666666666666
laya,clinc,order,coarse,120,0.17831989859383507,0.03566397971876702,0.5992599259925993,0.4,0.0
laya,clinc,order,flat,120,0.5541203619428045,0.007388271492570726,0.983299415407267,0.6166666666666667,0.0
laya,clinc,order,marginal,120,0.3676952229047161,0.004902602972062881,0.4653521040907727,0.4166666666666667,0.0
laya,massive,order,coarse,120,0.21881363873001175,0.024312626525556862,0.8526000000000001,0.20833333333333334,0.11666666666666667
laya,massive,order,flat,120,0.45009446046868795,0.015003148682289599,0.9965003499650035,0.7666666666666667,0.0
laya,massive,order,marginal,120,0.24736415319191987,0.008245471773063996,0.5910758351670335,0.25833333333333336,0.008333333333333333
laya,trec,order,coarse,120,0.0747399043246351,0.02491330144154504,0.39991818399918183,0.09166666666666666,0.0
laya,trec,order,flat,120,0.490503804674343,0.01962015218697372,0.9967996799679968,0.625,0.0
laya,trec,order,marginal,120,0.22078421191009345,0.008831368476403737,0.9398586596070393,0.39166666666666666,0.0
