model,dataset,metric,mean,median,std,ci_low,ci_high,n
jev,clinc,cfce,0.06973179797979799,0.03636363636363636,0.07314978896596168,0.06741840808080808,0.07210556515151514,1000
jev,clinc,coarse_tv,0.34865898989898997,0.1818181818181818,0.3657489448298084,0.33709204040404034,0.3605278257575757,1000
jev,clinc,drift,0.3143906124171003,0.15000000000000002,0.33777712102124363,0.30327548067365573,0.3259212030716253,1000
jev,clinc,jsd,0.28135985338415853,0.11885448130813711,0.3230880611842992,0.27085536040309943,0.29235711148120536,1000
jev,clinc,agreement_hard,0.658,1.0,0.47461696267754827,0.639,0.676,1000
jev,clinc,agreement_marginal,0.693,1.0,0.4614801880514091,0.674,0.712,1000
jev,massive,cfce,0.028503793490460158,0.014444444444444446,0.031569905133468516,0.027155404601571273,0.029889208473625146,1000
jev,massive,coarse_tv,0.2565341414141414,0.13,0.28412914620121665,0.24439864141414142,0.26900287626262626,1000
jev,massive,drift,0.22761418038975614,0.12,0.25976571745987337,0.21625707031425367,0.23926736923732272,1000
jev,massive,jsd,0.18842579720823216,0.09271935359065622,0.2247891277637729,0.17857531443178154,0.1986478858387717,1000
jev,massive,agreement_hard,0.734,1.0,0.44208533049564025,0.711975,0.756,1000
jev,massive,agreement_marginal,0.757,1.0,0.42910970058381936,0.734,0.779,1000
jev,trec,cfce,0.0728742760942761,0.06000000000000001,0.054935837954827794,0.0692829696969697,0.07661214309764311,500
jev,trec,coarse_tv,0.21862282828282825,0.18000000000000005,0.1648075138644834,0.2078489090909091,0.22983642929292927,500
jev,trec,drift,0.20925304444444448,0.15814999999999996,0.17990681666201266,0.19682761616161615,0.22128696191919192,500
jev,trec,jsd,0.14155928694769035,0.11026104356637373,0.11042435179251309,0.13400015239390828,0.14923840405344266,500
jev,trec,agreement_hard,0.676,1.0,0.4684687031720512,0.638,0.714,500
jev,trec,agreement_marginal,0.706,1.0,0.45604819911917166,0.67,0.742,500
laya,clinc,cfce,0.11740326247372468,0.11531889241150074,0.042449452337884684,0.115207051443366,0.1195782047753407,1000
laya,clinc,coarse_tv,0.5870163123686234,0.5765944620575036,0.2122472616894234,0.5760352572168299,0.5978910238767035,1000
laya,clinc,drift,0.2971806510879214,0.15089399619190827,0.31247772637068866,0.2820423945642829,0.31211185161186605,1000
laya,clinc,jsd,0.5908689242895045,0.5790014302306471,0.18839804608133176,0.5809511638312994,0.6007454329650913,1000
laya,clinc,agreement_hard,0.092,0.0,0.28917057184232914,0.07697500000000002,0.109,1000
laya,clinc,agreement_marginal,0.123,0.0,0.3286015504817026,0.105,0.141,1000
laya,massive,cfce,0.07657941954058849,0.08111966293503708,0.025273746539135732,0.07519199489598205,0.07797463194972638,1000
laya,massive,coarse_tv,0.6892147758652963,0.7300769664153337,0.22746371885222158,0.6767279540638383,0.7017716875475374,1000
laya,massive,drift,0.2185117515369551,0.09824136493322844,0.2544849613774843,0.2054044985108682,0.23134227671700666,1000
laya,massive,jsd,0.5720836911475147,0.5791255479839243,0.20098339494924747,0.5606956021445647,0.5834885029561448,1000
laya,massive,agreement_hard,0.181,0.0,0.3852108349818153,0.159,0.203,1000
laya,massive,agreement_marginal,0.184,0.0,0.38767808075037513,0.162,0.207,1000
laya,trec,cfce,0.14147378894589993,0.14216118196950225,0.09910103676011979,0.134260819736734,0.14865043633823263,500
laya,trec,coarse_tv,0.4244213668376998,0.4264835459085068,0.2973031102803594,0.40278245921020206,0.4459513090146979,500
laya,trec,drift,0.22281286743425907,0.15911165288447848,0.22410160323554665,0.20588756201712546,0.23992940933880885,500
laya,trec,jsd,0.4384262518999593,0.4184018813362115,0.23392340548533536,0.4209505762949029,0.4556381946326677,500
laya,trec,agreement_hard,0.348,0.0,0.4768130675671606,0.312,0.386,500
laya,trec,agreement_marginal,0.36,0.0,0.4804807212021038,0.324,0.398,500
