model,dataset,comparison,metric,difference,ci_low,ci_high,n
jev,clinc,hard minus flat,accuracy,-0.264,-0.28500000000000003,-0.244,1000
jev,clinc,hard minus flat,macro_f1,-0.2814856935316743,-0.30783913081010056,-0.2620125525712198,1000
jev,clinc,marginal minus flat,accuracy,-0.22899999999999998,-0.249,-0.20900000000000007,1000
jev,clinc,marginal minus flat,macro_f1,-0.24328590915851223,-0.26832101091030175,-0.22439328010286747,1000
jev,clinc,marginal minus flat,brier,0.3034649943892613,0.28419673696176234,0.32318024226675984,1000
jev,clinc,marginal minus flat,ece,0.028043226007550243,0.010390152945362701,0.04766330223191509,1000
jev,massive,hard minus flat,accuracy,-0.17399999999999993,-0.19699999999999995,-0.1519999999999999,1000
jev,massive,hard minus flat,macro_f1,-0.16012012757185756,-0.1862035111172748,-0.13851940456113188,1000
jev,massive,marginal minus flat,accuracy,-0.16399999999999992,-0.18599999999999994,-0.14200000000000002,1000
jev,massive,marginal minus flat,macro_f1,-0.1507784333608554,-0.1765883974881245,-0.13018051693268398,1000
jev,massive,marginal minus flat,brier,0.20955704334824887,0.18878270599128516,0.23128388404533637,1000
jev,massive,marginal minus flat,ece,0.025622166952351776,0.005389168854198519,0.04876909483981224,1000
jev,trec,hard minus flat,accuracy,-0.15200000000000002,-0.18799999999999994,-0.11599999999999999,500
jev,trec,hard minus flat,macro_f1,-0.12871483859410904,-0.16433116776328502,-0.09547134971385511,500
jev,trec,marginal minus flat,accuracy,-0.118,-0.15200000000000002,-0.08399999999999996,500
jev,trec,marginal minus flat,macro_f1,-0.11192507831035026,-0.14373725679545105,-0.07783370654919358,500
jev,trec,marginal minus flat,brier,0.15918683977860154,0.13462356112649912,0.18414513776116387,500
jev,trec,marginal minus flat,ece,0.020580462626262633,-0.017834819090909088,0.05675619020202025,500
laya,clinc,hard minus flat,accuracy,0.10800000000000001,0.07600000000000001,0.13899999999999998,1000
laya,clinc,hard minus flat,macro_f1,0.055970474153234806,0.027512034558509063,0.0964316509307189,1000
laya,clinc,marginal minus flat,accuracy,0.213,0.18,0.24500000000000002,1000
laya,clinc,marginal minus flat,macro_f1,0.16297175317102935,0.13181681909197196,0.20290107791729367,1000
laya,clinc,marginal minus flat,brier,-0.1993663183175226,-0.22836436483505745,-0.1695282337719172,1000
laya,clinc,marginal minus flat,ece,-0.08025625563034522,-0.10127672053540947,-0.04195441686612023,1000
laya,massive,hard minus flat,accuracy,0.09100000000000003,0.062,0.12000000000000002,1000
laya,massive,hard minus flat,macro_f1,0.055913226681366085,0.02681567198734945,0.08693842790452669,1000
laya,massive,marginal minus flat,accuracy,0.09200000000000003,0.063,0.12100000000000002,1000
laya,massive,marginal minus flat,macro_f1,0.05530516194323351,0.026369790805238984,0.08588764944312266,1000
laya,massive,marginal minus flat,brier,-0.04277054768458999,-0.06850201246414443,-0.016719289207890183,1000
laya,massive,marginal minus flat,ece,0.07782223404462349,0.04419870587491665,0.09641819986880006,1000
laya,trec,hard minus flat,accuracy,0.04600000000000004,0.0040000000000000036,0.08799999999999997,500
laya,trec,hard minus flat,macro_f1,0.06998495937863278,0.03269036092309009,0.11411052415477559,500
laya,trec,marginal minus flat,accuracy,0.055999999999999994,0.014000000000000012,0.09799999999999998,500
laya,trec,marginal minus flat,macro_f1,0.08227615711780081,0.04537872905762948,0.12631039082610387,500
laya,trec,marginal minus flat,brier,-0.18607876210145213,-0.2277858393653186,-0.1442881886460023,500
laya,trec,marginal minus flat,ece,-0.03347254958331547,-0.07627553027079872,0.009568660674698987,500
