model,dataset,structure,metric,value,ci_low,ci_high,n
jev,clinc,coarse,accuracy,0.683,0.665,0.701,1000
jev,clinc,coarse,macro_f1,0.6689631426943334,0.6494015008071048,0.6877807999351929,1000
jev,clinc,coarse,brier,0.46277159540863183,0.44009548836139173,0.4864947020094888,1000
jev,clinc,coarse,ece,0.13682878787878786,0.12143858333333332,0.15646458080808073,1000
jev,clinc,flat,accuracy,0.91,0.896,0.923,1000
jev,clinc,flat,macro_f1,0.9041579354025174,0.8870804443292059,0.9170804191995369,1000
jev,clinc,flat,brier,0.1363278735027038,0.11831664519079685,0.1550898795138251,1000
jev,clinc,flat,ece,0.020270404040404054,0.016727467171717185,0.03815279797979799,1000
jev,clinc,marginal,accuracy,0.681,0.661,0.7,1000
jev,clinc,marginal,macro_f1,0.6608720262440052,0.6334356153081334,0.6770837665907016,1000
jev,clinc,marginal,brier,0.4397928678919651,0.4188770077124684,0.4615968453150848,1000
jev,clinc,marginal,ece,0.0483136300479543,0.03938139447020712,0.07325487851443727,1000
jev,clinc,hard,accuracy,0.646,0.626,0.665,1000
jev,clinc,hard,macro_f1,0.6226722418708431,0.5960149960125011,0.6388320472745839,1000
jev,massive,coarse,accuracy,0.729,0.707,0.7500249999999996,1000
jev,massive,coarse,macro_f1,0.7410091357484513,0.7186418192792913,0.7626629805199941,1000
jev,massive,coarse,brier,0.380341436771758,0.3539377824721967,0.4081743549571472,1000
jev,massive,coarse,ece,0.07547595959595961,0.05735627525252525,0.09726980050505052,1000
jev,massive,flat,accuracy,0.833,0.812,0.853,1000
jev,massive,flat,macro_f1,0.8111702597613887,0.787365797350847,0.833414307530301,1000
jev,massive,flat,brier,0.24535084122028367,0.2202003470523416,0.2716699208091011,1000
jev,massive,flat,ece,0.035737979797979824,0.029459017676767695,0.05879016161616163,1000
jev,massive,marginal,accuracy,0.669,0.645,0.693,1000
jev,massive,marginal,macro_f1,0.6603918264005333,0.633579081278748,0.6814461649536688,1000
jev,massive,marginal,brier,0.45490788456853254,0.4281531694546082,0.48259375780594777,1000
jev,massive,marginal,ece,0.0613601467503316,0.050885756426895204,0.09058749146158554,1000
jev,massive,hard,accuracy,0.659,0.635,0.682,1000
jev,massive,hard,macro_f1,0.6510501321895311,0.6242649985668484,0.6719727702512283,1000
jev,trec,coarse,accuracy,0.766,0.734,0.798,500
jev,trec,coarse,macro_f1,0.7779262920252203,0.7432596496005388,0.8136040336607375,500
jev,trec,coarse,brier,0.3467565818998061,0.3197088994592388,0.375083150674421,500
jev,trec,coarse,ece,0.08235898989898989,0.06649281818181817,0.12064506060606056,500
jev,trec,flat,accuracy,0.722,0.692,0.75,500
jev,trec,flat,macro_f1,0.48565045278857416,0.45042705843175035,0.5201943124887074,500
jev,trec,flat,brier,0.40096398877665546,0.37284639813794507,0.4295296107478829,500
jev,trec,flat,ece,0.0581131313131313,0.053732742424242426,0.10154537878787875,500
jev,trec,marginal,accuracy,0.604,0.57,0.638,500
jev,trec,marginal,macro_f1,0.3737253744782239,0.3405130639487476,0.40747314276480556,500
jev,trec,marginal,brier,0.560150828555257,0.5291662748597991,0.5909674101023235,500
jev,trec,marginal,ece,0.07869359393939393,0.0668745165151515,0.12639259146464646,500
jev,trec,hard,accuracy,0.57,0.534,0.606,500
jev,trec,hard,macro_f1,0.3569356141944651,0.31934315335757674,0.39197492039155074,500
laya,clinc,coarse,accuracy,0.404,0.383,0.425,1000
laya,clinc,coarse,macro_f1,0.39739159058587625,0.3756920443176425,0.41800467978392797,1000
laya,clinc,coarse,brier,0.717318231208743,0.6981017005949838,0.7363494703946227,1000
laya,clinc,coarse,ece,0.10474322162030168,0.08612270134702085,0.12630905726655436,1000
laya,clinc,flat,accuracy,0.231,0.209,0.254,1000
laya,clinc,flat,macro_f1,0.2830180043366849,0.24421029034538602,0.2957041836741645,1000
laya,clinc,flat,brier,0.9130074215548813,0.8885921903877199,0.9373656774179964,1000
laya,clinc,flat,ece,0.16026042388344516,0.13959467384796345,0.18090401720481294,1000
laya,clinc,marginal,accuracy,0.444,0.421,0.467,1000
laya,clinc,marginal,macro_f1,0.44598975750771425,0.4136052406861376,0.4612920194594317,1000
laya,clinc,marginal,brier,0.7136411032373587,0.6954155598971348,0.7324282450741465,1000
laya,clinc,marginal,ece,0.08000416825309994,0.06800878138798677,0.10993324440544507,1000
laya,clinc,hard,accuracy,0.339,0.318,0.36,1000
laya,clinc,hard,macro_f1,0.3389884784899197,0.3104993019062231,0.35343863483710675,1000
laya,massive,coarse,accuracy,0.477,0.454,0.5,1000
laya,massive,coarse,macro_f1,0.5357276964253148,0.5099861429101799,0.5602658090662075,1000
laya,massive,coarse,brier,0.7534372218726622,0.721475233305307,0.7857707385793752,1000
laya,massive,coarse,ece,0.2581441781536148,0.23634414733340456,0.28163519695353284,1000
laya,massive,flat,accuracy,0.238,0.21497500000000003,0.262,1000
laya,massive,flat,macro_f1,0.24793218288245908,0.21987186302827466,0.2683701279898439,1000
laya,massive,flat,brier,0.8842271456091164,0.8638694735716675,0.9042428354048732,1000
laya,massive,flat,ece,0.04617306098308747,0.0407990517737181,0.07595409850767977,1000
laya,massive,marginal,accuracy,0.33,0.308,0.352,1000
laya,massive,marginal,macro_f1,0.3032373448256926,0.27822375250466086,0.3234393552120254,1000
laya,massive,marginal,brier,0.8414565979245264,0.8207213448950259,0.86183095760952,1000
laya,massive,marginal,ece,0.12399529502771095,0.10812329105140929,0.14816181361419128,1000
laya,massive,hard,accuracy,0.329,0.307,0.352,1000
laya,massive,hard,macro_f1,0.30384540956382516,0.2785730066910027,0.3244881150098459,1000
laya,trec,coarse,accuracy,0.892,0.87,0.914,500
laya,trec,coarse,macro_f1,0.8978311998402928,0.8657021492446921,0.922032208341503,500
laya,trec,coarse,brier,0.1753671987605838,0.14884010328053973,0.20374187578964928,500
laya,trec,coarse,ece,0.033451665134008324,0.029072344672072082,0.0626242676436238,500
laya,trec,flat,accuracy,0.288,0.256,0.32,500
laya,trec,flat,macro_f1,0.24653797789496476,0.21396107410559523,0.27310661716706836,500
laya,trec,flat,brier,0.9284170627448687,0.8903864344653725,0.9674595405038526,500
laya,trec,flat,ece,0.20269624327779576,0.1775475006934364,0.24422378829867697,500
laya,trec,marginal,accuracy,0.344,0.312,0.378,500
laya,trec,marginal,macro_f1,0.3288141350127656,0.30201140494105194,0.3574819564817543,500
laya,trec,marginal,brier,0.7423383006434165,0.7141973072313959,0.7711373373764967,500
laya,trec,marginal,ece,0.1692236936944803,0.14538361551965867,0.2096454695692167,500
laya,trec,hard,accuracy,0.334,0.3,0.368,500
laya,trec,hard,macro_f1,0.31652293727359754,0.2881284843220836,0.34661393893515274,500
