model,dataset,group,value,n,cfce,drift,jsd
jev,clinc,flat_correct,False,90,0.08612817059483727,0.13972055300479544,0.3740093486175909
jev,clinc,flat_correct,True,910,0.06811017871017871,0.3316656732380975,0.27219671649294
jev,clinc,high_confidence,False,151,0.09027667402501839,0.26495617280572126,0.37769712885689954
jev,clinc,high_confidence,True,849,0.06607776231097787,0.3231828390146483,0.2642256618689832
jev,massive,flat_correct,False,167,0.03549056768617647,0.1154934689543472,0.24236747966851174
jev,massive,flat_correct,True,833,0.027103083657705505,0.2500921621541179,0.17761155834764789
jev,massive,high_confidence,False,265,0.038021345530779495,0.21716784671567976,0.25564124700878116
jev,massive,high_confidence,True,735,0.0250722951357872,0.23138054559197413,0.16419165544340839
jev,trec,flat_correct,False,139,0.06467965021921857,0.10770229634474238,0.13031222105066753
jev,trec,flat_correct,True,361,0.07602954755309327,0.24835430202300007,0.14588987464765202
jev,trec,high_confidence,False,331,0.06783413185225876,0.18285247642589034,0.1351212986166823
jev,trec,high_confidence,True,169,0.08274580120733968,0.26096066582989663,0.15416860137114394
laya,clinc,flat_correct,False,769,0.11916757936574406,0.25182110043027084,0.619436402149451
laya,clinc,flat_correct,True,231,0.1115298439024567,0.44818279158893154,0.49576766682500784
laya,clinc,high_confidence,False,855,0.11565422777403538,0.2593646203632573,0.5889806486494655
laya,clinc,high_confidence,True,145,0.1277165360477548,0.520164832257493,0.602003239270425
laya,massive,flat_correct,False,762,0.08126704735741973,0.18230181977144053,0.6056990852177697
laya,massive,flat_correct,True,238,0.061571132160649834,0.33444439021477906,0.4644579336620759
laya,massive,high_confidence,False,911,0.0802316514737882,0.2026385127264953,0.5870934418594337
laya,massive,high_confidence,True,89,0.03919533761761168,0.38098951059682995,0.41844455745584747
laya,trec,flat_correct,False,356,0.16472505397301843,0.19320236340592106,0.4976170108026004
laya,trec,flat_correct,True,144,0.08399149485107921,0.2960166135043169,0.29209354239065216
laya,trec,high_confidence,False,373,0.16237769438252894,0.2045234095788163,0.4575081801494836
laya,trec,high_confidence,True,127,0.08007885408083999,0.27652914916717364,0.38238247837970285
