dataset,model,comparison,accuracy,brier,ece,macro_f1
clinc,jev,hard minus flat,-0.264,,,-0.2814856935316743
clinc,jev,marginal minus flat,-0.22899999999999998,0.3034649943892613,0.028043226007550243,-0.24328590915851223
clinc,laya,hard minus flat,0.10800000000000001,,,0.055970474153234806
clinc,laya,marginal minus flat,0.213,-0.1993663183175226,-0.08025625563034522,0.16297175317102935
massive,jev,hard minus flat,-0.17399999999999993,,,-0.16012012757185756
massive,jev,marginal minus flat,-0.16399999999999992,0.20955704334824887,0.025622166952351776,-0.1507784333608554
massive,laya,hard minus flat,0.09100000000000003,,,0.055913226681366085
massive,laya,marginal minus flat,0.09200000000000003,-0.04277054768458999,0.07782223404462349,0.05530516194323351
trec,jev,hard minus flat,-0.15200000000000002,,,-0.12871483859410904
trec,jev,marginal minus flat,-0.118,0.15918683977860154,0.020580462626262633,-0.11192507831035026
trec,laya,hard minus flat,0.04600000000000004,,,0.06998495937863278
trec,laya,marginal minus flat,0.055999999999999994,-0.18607876210145213,-0.03347254958331547,0.08227615711780081
